agent,type
ActorAddr-/A~a~a~lE,urban
ActorAddr-/A~a~a~cW,rural
ActorAddr-/A~a~a~tj,urban
ActorAddr-/A~a~a~hq,rural
ActorAddr-/A~a~a~S,rural
ActorAddr-/A~a~a~hI,rural
ActorAddr-/A~a~a~pj,urban
ActorAddr-/A~a~a~sz,urban
ActorAddr-/A~a~a~gQ,rural
ActorAddr-/A~a~a~ds,rural
ActorAddr-/A~a~a~sw,urban
ActorAddr-/A~a~a~fH,rural
ActorAddr-/A~a~a~lw,urban
ActorAddr-/A~a~a~qB,urban
ActorAddr-/A~a~a~jI,urban
ActorAddr-/A~a~a~qv,urban
ActorAddr-/A~a~a~go,rural
ActorAddr-/A~a~a~lz,urban
ActorAddr-/A~a~a~rB,urban
ActorAddr-/A~a~a~mD,urban
ActorAddr-/A~a~a~hv,rural
ActorAddr-/A~a~a~kI,urban
ActorAddr-/A~a~a~pC,urban
ActorAddr-/A~a~a~kv,urban
ActorAddr-/A~a~a~sS,urban
ActorAddr-/A~a~a~nx,urban
ActorAddr-/A~a~a~iL,urban
ActorAddr-/A~a~a~cR,rural
ActorAddr-/A~a~a~kb,urban
ActorAddr-/A~a~a~nG,urban
ActorAddr-/A~a~a~hw,rural
ActorAddr-/A~a~a~js,urban
ActorAddr-/A~a~a~dv,rural
ActorAddr-/A~a~a~be,rural
ActorAddr-/A~a~a~H,rural
ActorAddr-/A~a~a~cT,rural
ActorAddr-/A~a~a~rY,urban
ActorAddr-/A~a~a~mF,urban
ActorAddr-/A~a~a~hP,urban
ActorAddr-/A~a~a~qM,urban
ActorAddr-/A~a~a~sl,urban
ActorAddr-/A~a~a~bt,rural
ActorAddr-/A~a~a~lc,urban
ActorAddr-/A~a~a~qN,urban
ActorAddr-/A~a~a~na,urban
ActorAddr-/A~a~a~cr,rural
ActorAddr-/A~a~a~qV,urban
ActorAddr-/A~a~a~lT,urban
ActorAddr-/A~a~a~nA,urban
ActorAddr-/A~a~a~iW,urban
ActorAddr-/A~a~a~dX,rural
ActorAddr-/A~a~a~pi,urban
ActorAddr-/A~a~a~rP,urban
ActorAddr-/A~a~a~j,rural
ActorAddr-/A~a~a~fq,rural
ActorAddr-/A~a~a~mX,urban
ActorAddr-/A~a~a~q,rural
ActorAddr-/A~a~a~iv,urban
ActorAddr-/A~a~a~je,urban
ActorAddr-/A~a~a~gc,rural
ActorAddr-/A~a~a~cK,rural
ActorAddr-/A~a~a~qQ,urban
ActorAddr-/A~a~a~lx,urban
ActorAddr-/A~a~a~nt,urban
ActorAddr-/A~a~a~jA,urban
ActorAddr-/A~a~a~sH,urban
ActorAddr-/A~a~a~hS,urban
ActorAddr-/A~a~a~jj,urban
ActorAddr-/A~a~a~iN,urban
ActorAddr-/A~a~a~tl,urban
ActorAddr-/A~a~a~qf,urban
ActorAddr-/A~a~a~dq,rural
ActorAddr-/A~a~a~ss,urban
ActorAddr-/A~a~a~fA,rural
ActorAddr-/A~a~a~cX,rural
ActorAddr-/A~a~a~fl,rural
ActorAddr-/A~a~a~ku,urban
ActorAddr-/A~a~a~nZ,urban
ActorAddr-/A~a~a~pR,urban
ActorAddr-/A~a~a~mR,urban
ActorAddr-/A~a~a~dY,rural
ActorAddr-/A~a~a~ka,urban
ActorAddr-/A~a~a~pa,urban
ActorAddr-/A~a~a~mc,urban
ActorAddr-/A~a~a~mK,urban
ActorAddr-/A~a~a~oE,urban
ActorAddr-/A~a~a~G,rural
ActorAddr-/A~a~a~gt,rural
ActorAddr-/A~a~a~jg,urban
ActorAddr-/A~a~a~lL,urban
ActorAddr-/A~a~a~hx,rural
ActorAddr-/A~a~a~rI,urban
ActorAddr-/A~a~a~nM,urban
ActorAddr-/A~a~a~mj,urban
ActorAddr-/A~a~a~sK,urban
ActorAddr-/A~a~a~lN,urban
ActorAddr-/A~a~a~ck,rural
ActorAddr-/A~a~a~ls,urban
ActorAddr-/A~a~a~sp,urban
ActorAddr-/A~a~a~ko,urban
ActorAddr-/A~a~a~hi,rural
ActorAddr-/A~a~a~qw,urban
ActorAddr-/A~a~a~sx,urban
ActorAddr-/A~a~a~tf,urban
ActorAddr-/A~a~a~eU,rural
ActorAddr-/A~a~a~fo,rural
ActorAddr-/A~a~a~lh,urban
ActorAddr-/A~a~a~kE,urban
ActorAddr-/A~a~a~fh,rural
ActorAddr-/A~a~a~cO,rural
ActorAddr-/A~a~a~br,rural
ActorAddr-/A~a~a~qD,urban
ActorAddr-/A~a~a~ri,urban
ActorAddr-/A~a~a~lX,urban
ActorAddr-/A~a~a~bl,rural
ActorAddr-/A~a~a~kq,urban
ActorAddr-/A~a~a~lf,urban
ActorAddr-/A~a~a~qp,urban
ActorAddr-/A~a~a~hQ,urban
ActorAddr-/A~a~a~dh,rural
ActorAddr-/A~a~a~bD,rural
ActorAddr-/A~a~a~mT,urban
ActorAddr-/A~a~a~Q,rural
ActorAddr-/A~a~a~qI,urban
ActorAddr-/A~a~a~eP,rural
ActorAddr-/A~a~a~hU,urban
ActorAddr-/A~a~a~fV,rural
ActorAddr-/A~a~a~fd,rural
ActorAddr-/A~a~a~pn,urban
ActorAddr-/A~a~a~nf,urban
ActorAddr-/A~a~a~os,urban
ActorAddr-/A~a~a~jB,urban
ActorAddr-/A~a~a~cz,rural
ActorAddr-/A~a~a~dP,rural
ActorAddr-/A~a~a~p,rural
ActorAddr-/A~a~a~oc,urban
ActorAddr-/A~a~a~kk,urban
ActorAddr-/A~a~a~c,rural
ActorAddr-/A~a~a~sf,urban
ActorAddr-/A~a~a~np,urban
ActorAddr-/A~a~a~em,rural
ActorAddr-/A~a~a~dW,rural
ActorAddr-/A~a~a~oz,urban
ActorAddr-/A~a~a~me,urban
ActorAddr-/A~a~a~gq,rural
ActorAddr-/A~a~a~gZ,rural
ActorAddr-/A~a~a~lO,urban
ActorAddr-/A~a~a~hC,rural
ActorAddr-/A~a~a~cn,rural
ActorAddr-/A~a~a~fF,rural
ActorAddr-/A~a~a~w,rural
ActorAddr-/A~a~a~r,rural
ActorAddr-/A~a~a~dd,rural
ActorAddr-/A~a~a~lK,urban
ActorAddr-/A~a~a~jF,urban
ActorAddr-/A~a~a~hT,urban
ActorAddr-/A~a~a~hG,rural
ActorAddr-/A~a~a~ju,urban
ActorAddr-/A~a~a~fS,rural
ActorAddr-/A~a~a~oy,urban
ActorAddr-/A~a~a~sQ,urban
ActorAddr-/A~a~a~mp,urban
ActorAddr-/A~a~a~jD,urban
ActorAddr-/A~a~a~bs,rural
ActorAddr-/A~a~a~bj,rural
ActorAddr-/A~a~a~ca,rural
ActorAddr-/A~a~a~df,rural
ActorAddr-/A~a~a~iI,urban
ActorAddr-/A~a~a~qG,urban
ActorAddr-/A~a~a~sF,urban
ActorAddr-/A~a~a~fN,rural
ActorAddr-/A~a~a~kn,urban
ActorAddr-/A~a~a~eQ,rural
ActorAddr-/A~a~a~oX,urban
ActorAddr-/A~a~a~K,rural
ActorAddr-/A~a~a~mY,urban
ActorAddr-/A~a~a~ja,urban
ActorAddr-/A~a~a~nz,urban
ActorAddr-/A~a~a~f,rural
ActorAddr-/A~a~a~id,urban
ActorAddr-/A~a~a~mw,urban
ActorAddr-/A~a~a~nR,urban
ActorAddr-/A~a~a~ly,urban
ActorAddr-/A~a~a~cJ,rural
ActorAddr-/A~a~a~gm,rural
ActorAddr-/A~a~a~I,rural
ActorAddr-/A~a~a~ky,urban
ActorAddr-/A~a~a~ld,urban
ActorAddr-/A~a~a~qJ,urban
ActorAddr-/A~a~a~hH,rural
ActorAddr-/A~a~a~do,rural
ActorAddr-/A~a~a~ro,urban
ActorAddr-/A~a~a~mf,urban
ActorAddr-/A~a~a~ms,urban
ActorAddr-/A~a~a~eR,rural
ActorAddr-/A~a~a~jG,urban
ActorAddr-/A~a~a~hg,rural
ActorAddr-/A~a~a~sv,urban
ActorAddr-/A~a~a~gV,rural
ActorAddr-/A~a~a~nP,urban
ActorAddr-/A~a~a~pM,urban
ActorAddr-/A~a~a~ny,urban
ActorAddr-/A~a~a~jx,urban
ActorAddr-/A~a~a~mu,urban
ActorAddr-/A~a~a~hY,urban
ActorAddr-/A~a~a~jT,urban
ActorAddr-/A~a~a~kS,urban
ActorAddr-/A~a~a~dN,rural
ActorAddr-/A~a~a~mx,urban
ActorAddr-/A~a~a~lF,urban
ActorAddr-/A~a~a~kF,urban
ActorAddr-/A~a~a~dF,rural
ActorAddr-/A~a~a~rw,urban
ActorAddr-/A~a~a~ce,rural
ActorAddr-/A~a~a~dc,rural
ActorAddr-/A~a~a~bF,rural
ActorAddr-/A~a~a~re,urban
ActorAddr-/A~a~a~dJ,rural
ActorAddr-/A~a~a~lo,urban
ActorAddr-/A~a~a~gG,rural
ActorAddr-/A~a~a~ic,urban
ActorAddr-/A~a~a~fU,rural
ActorAddr-/A~a~a~iM,urban
ActorAddr-/A~a~a~mv,urban
ActorAddr-/A~a~a~x,rural
ActorAddr-/A~a~a~gH,rural
ActorAddr-/A~a~a~qZ,urban
ActorAddr-/A~a~a~px,urban
ActorAddr-/A~a~a~eV,rural
ActorAddr-/A~a~a~mN,urban
ActorAddr-/A~a~a~dj,rural
ActorAddr-/A~a~a~cC,rural
ActorAddr-/A~a~a~hr,rural
ActorAddr-/A~a~a~te,urban
ActorAddr-/A~a~a~dI,rural
ActorAddr-/A~a~a~iY,urban
ActorAddr-/A~a~a~bL,rural
ActorAddr-/A~a~a~cs,rural
ActorAddr-/A~a~a~qc,urban
ActorAddr-/A~a~a~kj,urban
ActorAddr-/A~a~a~if,urban
ActorAddr-/A~a~a~qz,urban
ActorAddr-/A~a~a~fc,rural
ActorAddr-/A~a~a~kM,urban
ActorAddr-/A~a~a~oi,urban
ActorAddr-/A~a~a~jf,urban
ActorAddr-/A~a~a~cy,rural
ActorAddr-/A~a~a~rk,urban
ActorAddr-/A~a~a~pt,urban
ActorAddr-/A~a~a~dQ,rural
ActorAddr-/A~a~a~gB,rural
ActorAddr-/A~a~a~pJ,urban
ActorAddr-/A~a~a~ox,urban
ActorAddr-/A~a~a~ge,rural
ActorAddr-/A~a~a~eE,rural
ActorAddr-/A~a~a~oT,urban
ActorAddr-/A~a~a~mI,urban
ActorAddr-/A~a~a~fg,rural
ActorAddr-/A~a~a~du,rural
ActorAddr-/A~a~a~ig,urban
ActorAddr-/A~a~a~nF,urban
ActorAddr-/A~a~a~fk,rural
ActorAddr-/A~a~a~hd,rural
ActorAddr-/A~a~a~pm,urban
ActorAddr-/A~a~a~qe,urban
ActorAddr-/A~a~a~bu,rural
ActorAddr-/A~a~a~rU,urban
ActorAddr-/A~a~a~fT,rural
ActorAddr-/A~a~a~bW,rural
ActorAddr-/A~a~a~gz,rural
ActorAddr-/A~a~a~gC,rural
ActorAddr-/A~a~a~kH,urban
ActorAddr-/A~a~a~eC,rural
ActorAddr-/A~a~a~hV,urban
ActorAddr-/A~a~a~jw,urban
ActorAddr-/A~a~a~bw,rural
ActorAddr-/A~a~a~jN,urban
ActorAddr-/A~a~a~qd,urban
ActorAddr-/A~a~a~ow,urban
ActorAddr-/A~a~a~dD,rural
ActorAddr-/A~a~a~bS,rural
ActorAddr-/A~a~a~hf,rural
ActorAddr-/A~a~a~bT,rural
ActorAddr-/A~a~a~rx,urban
ActorAddr-/A~a~a~n,rural
ActorAddr-/A~a~a~da,rural
ActorAddr-/A~a~a~op,urban
ActorAddr-/A~a~a~bU,rural
ActorAddr-/A~a~a~qk,urban
ActorAddr-/A~a~a~fQ,rural
ActorAddr-/A~a~a~l,rural
ActorAddr-/A~a~a~tc,urban
ActorAddr-/A~a~a~fb,rural
ActorAddr-/A~a~a~lk,urban
ActorAddr-/A~a~a~fE,rural
ActorAddr-/A~a~a~eD,rural
ActorAddr-/A~a~a~fI,rural
ActorAddr-/A~a~a~ib,urban
ActorAddr-/A~a~a~cx,rural
ActorAddr-/A~a~a~R,rural
ActorAddr-/A~a~a~iT,urban
ActorAddr-/A~a~a~li,urban
ActorAddr-/A~a~a~rd,urban
ActorAddr-/A~a~a~fs,rural
ActorAddr-/A~a~a~bH,rural
ActorAddr-/A~a~a~rV,urban
ActorAddr-/A~a~a~hO,urban
ActorAddr-/A~a~a~eL,rural
ActorAddr-/A~a~a~cZ,rural
ActorAddr-/A~a~a~eA,rural
ActorAddr-/A~a~a~dC,rural
ActorAddr-/A~a~a~rO,urban
ActorAddr-/A~a~a~lR,urban
ActorAddr-/A~a~a~gv,rural
ActorAddr-/A~a~a~jZ,urban
ActorAddr-/A~a~a~sC,urban
ActorAddr-/A~a~a~nn,urban
ActorAddr-/A~a~a~nh,urban
ActorAddr-/A~a~a~dS,rural
ActorAddr-/A~a~a~sG,urban
ActorAddr-/A~a~a~jY,urban
ActorAddr-/A~a~a~ks,urban
ActorAddr-/A~a~a~kD,urban
ActorAddr-/A~a~a~pp,urban
ActorAddr-/A~a~a~pz,urban
ActorAddr-/A~a~a~nu,urban
ActorAddr-/A~a~a~pQ,urban
ActorAddr-/A~a~a~dl,rural
ActorAddr-/A~a~a~pV,urban
ActorAddr-/A~a~a~fB,rural
ActorAddr-/A~a~a~se,urban
ActorAddr-/A~a~a~si,urban
ActorAddr-/A~a~a~kG,urban
ActorAddr-/A~a~a~C,rural
ActorAddr-/A~a~a~bJ,rural
ActorAddr-/A~a~a~eK,rural
ActorAddr-/A~a~a~mP,urban
ActorAddr-/A~a~a~oL,urban
ActorAddr-/A~a~a~oC,urban
ActorAddr-/A~a~a~lq,urban
ActorAddr-/A~a~a~rh,urban
ActorAddr-/A~a~a~kd,urban
ActorAddr-/A~a~a~A,rural
ActorAddr-/A~a~a~jO,urban
ActorAddr-/A~a~a~qu,urban
ActorAddr-/A~a~a~lv,urban
ActorAddr-/A~a~a~U,rural
ActorAddr-/A~a~a~fy,rural
ActorAddr-/A~a~a~nb,urban
ActorAddr-/A~a~a~eT,rural
ActorAddr-/A~a~a~er,rural
ActorAddr-/A~a~a~gn,rural
ActorAddr-/A~a~a~cg,rural
ActorAddr-/A~a~a~iP,urban
ActorAddr-/A~a~a~kX,urban
ActorAddr-/A~a~a~ei,rural
ActorAddr-/A~a~a~gd,rural
ActorAddr-/A~a~a~rM,urban
ActorAddr-/A~a~a~qr,urban
ActorAddr-/A~a~a~jd,urban
ActorAddr-/A~a~a~fv,rural
ActorAddr-/A~a~a~cY,rural
ActorAddr-/A~a~a~sj,urban
ActorAddr-/A~a~a~bo,rural
ActorAddr-/A~a~a~hs,rural
ActorAddr-/A~a~a~su,urban
ActorAddr-/A~a~a~eq,rural
ActorAddr-/A~a~a~cS,rural
ActorAddr-/A~a~a~bY,rural
ActorAddr-/A~a~a~nc,urban
ActorAddr-/A~a~a~is,urban
ActorAddr-/A~a~a~bX,rural
ActorAddr-/A~a~a~bN,rural
ActorAddr-/A~a~a~he,rural
ActorAddr-/A~a~a~ij,urban
ActorAddr-/A~a~a~eS,rural
ActorAddr-/A~a~a~jC,urban
ActorAddr-/A~a~a~fO,rural
ActorAddr-/A~a~a~jq,urban
ActorAddr-/A~a~a~po,urban
ActorAddr-/A~a~a~jR,urban
ActorAddr-/A~a~a~oY,urban
ActorAddr-/A~a~a~bz,rural
ActorAddr-/A~a~a~gA,rural
ActorAddr-/A~a~a~rj,urban
ActorAddr-/A~a~a~dL,rural
ActorAddr-/A~a~a~lJ,urban
ActorAddr-/A~a~a~nk,urban
ActorAddr-/A~a~a~oR,urban
ActorAddr-/A~a~a~nq,urban
ActorAddr-/A~a~a~fP,rural
ActorAddr-/A~a~a~jQ,urban
ActorAddr-/A~a~a~gi,rural
ActorAddr-/A~a~a~ha,rural
ActorAddr-/A~a~a~eG,rural
ActorAddr-/A~a~a~gk,rural
ActorAddr-/A~a~a~qC,urban
ActorAddr-/A~a~a~pZ,urban
ActorAddr-/A~a~a~hh,rural
ActorAddr-/A~a~a~ep,rural
ActorAddr-/A~a~a~d,rural
ActorAddr-/A~a~a~ru,urban
ActorAddr-/A~a~a~ir,urban
ActorAddr-/A~a~a~ob,urban
ActorAddr-/A~a~a~ez,rural
ActorAddr-/A~a~a~dw,rural
ActorAddr-/A~a~a~gE,rural
ActorAddr-/A~a~a~ia,urban
ActorAddr-/A~a~a~pu,urban
ActorAddr-/A~a~a~ix,urban
ActorAddr-/A~a~a~fC,rural
ActorAddr-/A~a~a~gP,rural
ActorAddr-/A~a~a~bE,rural
ActorAddr-/A~a~a~qo,urban
ActorAddr-/A~a~a~md,urban
ActorAddr-/A~a~a~st,urban
ActorAddr-/A~a~a~iG,urban
ActorAddr-/A~a~a~rN,urban
ActorAddr-/A~a~a~lY,urban
ActorAddr-/A~a~a~kN,urban
ActorAddr-/A~a~a~sn,urban
ActorAddr-/A~a~a~kf,urban
ActorAddr-/A~a~a~rJ,urban
ActorAddr-/A~a~a~rK,urban
ActorAddr-/A~a~a~gr,rural
ActorAddr-/A~a~a~gJ,rural
ActorAddr-/A~a~a~mW,urban
ActorAddr-/A~a~a~rD,urban
ActorAddr-/A~a~a~jr,urban
ActorAddr-/A~a~a~sa,urban
ActorAddr-/A~a~a~hE,rural
ActorAddr-/A~a~a~jv,urban
ActorAddr-/A~a~a~cl,rural
ActorAddr-/A~a~a~cA,rural
ActorAddr-/A~a~a~rn,urban
ActorAddr-/A~a~a~oP,urban
ActorAddr-/A~a~a~kr,urban
ActorAddr-/A~a~a~kt,urban
ActorAddr-/A~a~a~oZ,urban
ActorAddr-/A~a~a~pY,urban
ActorAddr-/A~a~a~pq,urban
ActorAddr-/A~a~a~dR,rural
ActorAddr-/A~a~a~cc,rural
ActorAddr-/A~a~a~ho,rural
ActorAddr-/A~a~a~jy,urban
ActorAddr-/A~a~a~gM,rural
ActorAddr-/A~a~a~sL,urban
ActorAddr-/A~a~a~hK,rural
ActorAddr-/A~a~a~gS,rural
ActorAddr-/A~a~a~dT,rural
ActorAddr-/A~a~a~m,rural
ActorAddr-/A~a~a~sq,urban
ActorAddr-/A~a~a~qi,urban
ActorAddr-/A~a~a~kK,urban
ActorAddr-/A~a~a~sJ,urban
ActorAddr-/A~a~a~ie,urban
ActorAddr-/A~a~a~pH,urban
ActorAddr-/A~a~a~py,urban
ActorAddr-/A~a~a~dA,rural
ActorAddr-/A~a~a~rF,urban
ActorAddr-/A~a~a~bf,rural
ActorAddr-/A~a~a~lB,urban
ActorAddr-/A~a~a~gT,rural
ActorAddr-/A~a~a~ft,rural
ActorAddr-/A~a~a~tn,urban
ActorAddr-/A~a~a~bx,rural
ActorAddr-/A~a~a~nK,urban
ActorAddr-/A~a~a~bR,rural
ActorAddr-/A~a~a~tb,urban
ActorAddr-/A~a~a~ht,rural
ActorAddr-/A~a~a~ou,urban
ActorAddr-/A~a~a~jl,urban
ActorAddr-/A~a~a~sM,urban
ActorAddr-/A~a~a~ov,urban
ActorAddr-/A~a~a~sV,urban
ActorAddr-/A~a~a~sA,urban
ActorAddr-/A~a~a~nS,urban
ActorAddr-/A~a~a~bZ,rural
ActorAddr-/A~a~a~bd,rural
ActorAddr-/A~a~a~ed,rural
ActorAddr-/A~a~a~Y,rural
ActorAddr-/A~a~a~fr,rural
ActorAddr-/A~a~a~mC,urban
ActorAddr-/A~a~a~s,rural
ActorAddr-/A~a~a~dM,rural
ActorAddr-/A~a~a~V,rural
ActorAddr-/A~a~a~oj,urban
ActorAddr-/A~a~a~qX,urban
ActorAddr-/A~a~a~gs,rural
ActorAddr-/A~a~a~ol,urban
ActorAddr-/A~a~a~ng,urban
ActorAddr-/A~a~a~ra,urban
ActorAddr-/A~a~a~qq,urban
ActorAddr-/A~a~a~dG,rural
ActorAddr-/A~a~a~cH,rural
ActorAddr-/A~a~a~kW,urban
ActorAddr-/A~a~a~dV,rural
ActorAddr-/A~a~a~hN,urban
ActorAddr-/A~a~a~qK,urban
ActorAddr-/A~a~a~mm,urban
ActorAddr-/A~a~a~jk,urban
ActorAddr-/A~a~a~eb,rural
ActorAddr-/A~a~a~ga,rural
ActorAddr-/A~a~a~pW,urban
ActorAddr-/A~a~a~nB,urban
ActorAddr-/A~a~a~pw,urban
ActorAddr-/A~a~a~eh,rural
ActorAddr-/A~a~a~qR,urban
ActorAddr-/A~a~a~qO,urban
ActorAddr-/A~a~a~dn,rural
ActorAddr-/A~a~a~ln,urban
ActorAddr-/A~a~a~rs,urban
ActorAddr-/A~a~a~kR,urban
ActorAddr-/A~a~a~ec,rural
ActorAddr-/A~a~a~e,rural
ActorAddr-/A~a~a~qH,urban
ActorAddr-/A~a~a~gu,rural
ActorAddr-/A~a~a~gx,rural
ActorAddr-/A~a~a~nr,urban
ActorAddr-/A~a~a~bp,rural
ActorAddr-/A~a~a~rt,urban
ActorAddr-/A~a~a~kg,urban
ActorAddr-/A~a~a~qb,urban
ActorAddr-/A~a~a~pA,urban
ActorAddr-/A~a~a~iX,urban
ActorAddr-/A~a~a~rz,urban
ActorAddr-/A~a~a~eo,rural
ActorAddr-/A~a~a~rE,urban
ActorAddr-/A~a~a~sd,urban
ActorAddr-/A~a~a~hA,rural
ActorAddr-/A~a~a~sO,urban
ActorAddr-/A~a~a~lC,urban
ActorAddr-/A~a~a~fj,rural
ActorAddr-/A~a~a~lj,urban
ActorAddr-/A~a~a~rp,urban
ActorAddr-/A~a~a~rG,urban
ActorAddr-/A~a~a~kY,urban
ActorAddr-/A~a~a~kL,urban
ActorAddr-/A~a~a~fX,rural
ActorAddr-/A~a~a~ik,urban
ActorAddr-/A~a~a~iO,urban
ActorAddr-/A~a~a~sy,urban
ActorAddr-/A~a~a~fu,rural
ActorAddr-/A~a~a~bc,rural
ActorAddr-/A~a~a~qE,urban
ActorAddr-/A~a~a~gw,rural
ActorAddr-/A~a~a~pT,urban
ActorAddr-/A~a~a~fi,rural
ActorAddr-/A~a~a~ph,urban
ActorAddr-/A~a~a~oe,urban
ActorAddr-/A~a~a~rg,urban
ActorAddr-/A~a~a~pk,urban
ActorAddr-/A~a~a~sR,urban
ActorAddr-/A~a~a~eO,rural
ActorAddr-/A~a~a~nY,urban
ActorAddr-/A~a~a~pN,urban
ActorAddr-/A~a~a~nX,urban
ActorAddr-/A~a~a~y,rural
ActorAddr-/A~a~a~mL,urban
ActorAddr-/A~a~a~oD,urban
ActorAddr-/A~a~a~fL,rural
ActorAddr-/A~a~a~jz,urban
ActorAddr-/A~a~a~ta,urban
ActorAddr-/A~a~a~sm,urban
ActorAddr-/A~a~a~kl,urban
ActorAddr-/A~a~a~mi,urban
ActorAddr-/A~a~a~co,rural
ActorAddr-/A~a~a~bV,rural
ActorAddr-/A~a~a~jh,urban
ActorAddr-/A~a~a~hk,rural
ActorAddr-/A~a~a~L,rural
ActorAddr-/A~a~a~nm,urban
ActorAddr-/A~a~a~kQ,urban
ActorAddr-/A~a~a~kT,urban
ActorAddr-/A~a~a~hJ,rural
ActorAddr-/A~a~a~mS,urban
ActorAddr-/A~a~a~gF,rural
ActorAddr-/A~a~a~sN,urban
ActorAddr-/A~a~a~of,urban
ActorAddr-/A~a~a~lH,urban
ActorAddr-/A~a~a~fm,rural
ActorAddr-/A~a~a~lU,urban
ActorAddr-/A~a~a~iQ,urban
ActorAddr-/A~a~a~jL,urban
ActorAddr-/A~a~a~gg,rural
ActorAddr-/A~a~a~cj,rural
ActorAddr-/A~a~a~fe,rural
ActorAddr-/A~a~a~qF,urban
ActorAddr-/A~a~a~kO,urban
ActorAddr-/A~a~a~jU,urban
ActorAddr-/A~a~a~pD,urban
ActorAddr-/A~a~a~bv,rural
ActorAddr-/A~a~a~oK,urban
ActorAddr-/A~a~a~hn,rural
ActorAddr-/A~a~a~o,rural
ActorAddr-/A~a~a~nj,urban
ActorAddr-/A~a~a~th,urban
ActorAddr-/A~a~a~jJ,urban
ActorAddr-/A~a~a~cu,rural
ActorAddr-/A~a~a~lI,urban
ActorAddr-/A~a~a~iC,urban
ActorAddr-/A~a~a~mM,urban
ActorAddr-/A~a~a~il,urban
ActorAddr-/A~a~a~lm,urban
ActorAddr-/A~a~a~rQ,urban
ActorAddr-/A~a~a~rA,urban
ActorAddr-/A~a~a~qj,urban
ActorAddr-/A~a~a~ki,urban
ActorAddr-/A~a~a~no,urban
ActorAddr-/A~a~a~jS,urban
ActorAddr-/A~a~a~oO,urban
ActorAddr-/A~a~a~iD,urban
ActorAddr-/A~a~a~rL,urban
ActorAddr-/A~a~a~mh,urban
ActorAddr-/A~a~a~mZ,urban
ActorAddr-/A~a~a~rC,urban
ActorAddr-/A~a~a~og,urban
ActorAddr-/A~a~a~qA,urban
ActorAddr-/A~a~a~rR,urban
ActorAddr-/A~a~a~X,rural
ActorAddr-/A~a~a~gY,rural
ActorAddr-/A~a~a~oQ,urban
ActorAddr-/A~a~a~el,rural
ActorAddr-/A~a~a~bO,rural
ActorAddr-/A~a~a~jV,urban
ActorAddr-/A~a~a~D,rural
ActorAddr-/A~a~a~es,rural
ActorAddr-/A~a~a~qh,urban
ActorAddr-/A~a~a~kh,urban
ActorAddr-/A~a~a~nC,urban
ActorAddr-/A~a~a~kz,urban
ActorAddr-/A~a~a~jK,urban
ActorAddr-/A~a~a~hL,rural
ActorAddr-/A~a~a~fZ,rural
ActorAddr-/A~a~a~sD,urban
ActorAddr-/A~a~a~fJ,rural
ActorAddr-/A~a~a~lb,urban
ActorAddr-/A~a~a~eJ,rural
ActorAddr-/A~a~a~io,urban
ActorAddr-/A~a~a~iB,urban
ActorAddr-/A~a~a~lV,urban
ActorAddr-/A~a~a~hz,rural
ActorAddr-/A~a~a~nv,urban
ActorAddr-/A~a~a~qU,urban
ActorAddr-/A~a~a~pe,urban
ActorAddr-/A~a~a~gW,rural
ActorAddr-/A~a~a~ff,rural
ActorAddr-/A~a~a~jn,urban
ActorAddr-/A~a~a~rf,urban
ActorAddr-/A~a~a~P,rural
ActorAddr-/A~a~a~di,rural
ActorAddr-/A~a~a~hR,urban
ActorAddr-/A~a~a~jE,urban
ActorAddr-/A~a~a~qn,urban
ActorAddr-/A~a~a~fM,rural
ActorAddr-/A~a~a~gy,rural
ActorAddr-/A~a~a~by,rural
ActorAddr-/A~a~a~rl,urban
ActorAddr-/A~a~a~ot,urban
ActorAddr-/A~a~a~bQ,rural
ActorAddr-/A~a~a~gK,rural
ActorAddr-/A~a~a~rW,urban
ActorAddr-/A~a~a~kC,urban
ActorAddr-/A~a~a~gj,rural
ActorAddr-/A~a~a~bK,rural
ActorAddr-/A~a~a~ip,urban
ActorAddr-/A~a~a~nT,urban
ActorAddr-/A~a~a~ee,rural
ActorAddr-/A~a~a~ey,rural
ActorAddr-/A~a~a~u,rural
ActorAddr-/A~a~a~oG,urban
ActorAddr-/A~a~a~cU,rural
ActorAddr-/A~a~a~iF,urban
ActorAddr-/A~a~a~qT,urban
ActorAddr-/A~a~a~nV,urban
ActorAddr-/A~a~a~qy,urban
ActorAddr-/A~a~a~mo,urban
ActorAddr-/A~a~a~oA,urban
ActorAddr-/A~a~a~lA,urban
ActorAddr-/A~a~a~cm,rural
ActorAddr-/A~a~a~eW,rural
ActorAddr-/A~a~a~rX,urban
ActorAddr-/A~a~a~iu,urban
ActorAddr-/A~a~a~pX,urban
ActorAddr-/A~a~a~sc,urban
ActorAddr-/A~a~a~eY,rural
ActorAddr-/A~a~a~mq,urban
ActorAddr-/A~a~a~ti,urban
ActorAddr-/A~a~a~cw,rural
ActorAddr-/A~a~a~F,rural
ActorAddr-/A~a~a~bM,rural
ActorAddr-/A~a~a~mz,urban
ActorAddr-/A~a~a~sZ,urban
ActorAddr-/A~a~a~lD,urban
ActorAddr-/A~a~a~hy,rural
ActorAddr-/A~a~a~bn,rural
ActorAddr-/A~a~a~ch,rural
ActorAddr-/A~a~a~rc,urban
ActorAddr-/A~a~a~hl,rural
ActorAddr-/A~a~a~ea,rural
ActorAddr-/A~a~a~pS,urban
ActorAddr-/A~a~a~cp,rural
ActorAddr-/A~a~a~ml,urban
ActorAddr-/A~a~a~dt,rural
ActorAddr-/A~a~a~im,urban
ActorAddr-/A~a~a~hF,rural
ActorAddr-/A~a~a~kx,urban
ActorAddr-/A~a~a~dB,rural
ActorAddr-/A~a~a~lr,urban
ActorAddr-/A~a~a~jm,urban
ActorAddr-/A~a~a~qL,urban
ActorAddr-/A~a~a~iJ,urban
ActorAddr-/A~a~a~dx,rural
ActorAddr-/A~a~a~rv,urban
ActorAddr-/A~a~a~fY,rural
ActorAddr-/A~a~a~oh,urban
ActorAddr-/A~a~a~ok,urban
ActorAddr-/A~a~a~ji,urban
ActorAddr-/A~a~a~rS,urban
ActorAddr-/A~a~a~rH,urban
ActorAddr-/A~a~a~oo,urban
ActorAddr-/A~a~a~bA,rural
ActorAddr-/A~a~a~eB,rural
ActorAddr-/A~a~a~sY,urban
ActorAddr-/A~a~a~mJ,urban
ActorAddr-/A~a~a~cv,rural
ActorAddr-/A~a~a~hm,rural
ActorAddr-/A~a~a~mQ,urban
ActorAddr-/A~a~a~cF,rural
ActorAddr-/A~a~a~gp,rural
ActorAddr-/A~a~a~hZ,urban
ActorAddr-/A~a~a~iV,urban
ActorAddr-/A~a~a~dp,rural
ActorAddr-/A~a~a~dE,rural
ActorAddr-/A~a~a~ma,urban
ActorAddr-/A~a~a~sg,urban
ActorAddr-/A~a~a~pL,urban
ActorAddr-/A~a~a~bB,rural
ActorAddr-/A~a~a~iR,urban
ActorAddr-/A~a~a~cB,rural
ActorAddr-/A~a~a~cG,rural
ActorAddr-/A~a~a~gO,rural
ActorAddr-/A~a~a~pI,urban
ActorAddr-/A~a~a~iS,urban
ActorAddr-/A~a~a~pO,urban
ActorAddr-/A~a~a~dU,rural
ActorAddr-/A~a~a~so,urban
ActorAddr-/A~a~a~ev,rural
ActorAddr-/A~a~a~ci,rural
ActorAddr-/A~a~a~rb,urban
ActorAddr-/A~a~a~kc,urban
ActorAddr-/A~a~a~bG,rural
ActorAddr-/A~a~a~qW,urban
ActorAddr-/A~a~a~gR,rural
ActorAddr-/A~a~a~sE,urban
ActorAddr-/A~a~a~hj,rural
ActorAddr-/A~a~a~v,rural
ActorAddr-/A~a~a~pl,urban
ActorAddr-/A~a~a~E,rural
ActorAddr-/A~a~a~nL,urban
ActorAddr-/A~a~a~sr,urban
ActorAddr-/A~a~a~ef,rural
ActorAddr-/A~a~a~oU,urban
ActorAddr-/A~a~a~nU,urban
ActorAddr-/A~a~a~mB,urban
ActorAddr-/A~a~a~ll,urban
ActorAddr-/A~a~a~mn,urban
ActorAddr-/A~a~a~rr,urban
ActorAddr-/A~a~a~gb,rural
ActorAddr-/A~a~a~mb,urban
ActorAddr-/A~a~a~pv,urban
ActorAddr-/A~a~a~iZ,urban
ActorAddr-/A~a~a~i,rural
ActorAddr-/A~a~a~fW,rural
ActorAddr-/A~a~a~sU,urban
ActorAddr-/A~a~a~ek,rural
ActorAddr-/A~a~a~sP,urban
ActorAddr-/A~a~a~fp,rural
ActorAddr-/A~a~a~dg,rural
ActorAddr-/A~a~a~nQ,urban
ActorAddr-/A~a~a~W,rural
ActorAddr-/A~a~a~jp,urban
ActorAddr-/A~a~a~t,rural
ActorAddr-/A~a~a~jM,urban
ActorAddr-/A~a~a~cq,rural
ActorAddr-/A~a~a~hb,rural
ActorAddr-/A~a~a~dm,rural
ActorAddr-/A~a~a~hp,rural
ActorAddr-/A~a~a~fK,rural
ActorAddr-/A~a~a~pF,urban
ActorAddr-/A~a~a~iK,urban
ActorAddr-/A~a~a~bg,rural
ActorAddr-/A~a~a~bI,rural
ActorAddr-/A~a~a~lu,urban
ActorAddr-/A~a~a~g,rural
ActorAddr-/A~a~a~sk,urban
ActorAddr-/A~a~a~pG,urban
ActorAddr-/A~a~a~lQ,urban
ActorAddr-/A~a~a~N,rural
ActorAddr-/A~a~a~nW,urban
ActorAddr-/A~a~a~cE,rural
ActorAddr-/A~a~a~dH,rural
ActorAddr-/A~a~a~fx,rural
ActorAddr-/A~a~a~oS,urban
ActorAddr-/A~a~a~qt,urban
ActorAddr-/A~a~a~cI,rural
ActorAddr-/A~a~a~kJ,urban
ActorAddr-/A~a~a~gX,rural
ActorAddr-/A~a~a~hu,rural
ActorAddr-/A~a~a~or,urban
ActorAddr-/A~a~a~ih,urban
ActorAddr-/A~a~a~nO,urban
ActorAddr-/A~a~a~ni,urban
ActorAddr-/A~a~a~oq,urban
ActorAddr-/A~a~a~ns,urban
ActorAddr-/A~a~a~M,rural
ActorAddr-/A~a~a~mU,urban
ActorAddr-/A~a~a~dr,rural
ActorAddr-/A~a~a~jo,urban
ActorAddr-/A~a~a~oM,urban
ActorAddr-/A~a~a~fR,rural
ActorAddr-/A~a~a~jc,urban
ActorAddr-/A~a~a~db,rural
ActorAddr-/A~a~a~bb,rural
ActorAddr-/A~a~a~O,rural
ActorAddr-/A~a~a~gI,rural
ActorAddr-/A~a~a~pB,urban
ActorAddr-/A~a~a~gl,rural
ActorAddr-/A~a~a~lZ,urban
ActorAddr-/A~a~a~eX,rural
ActorAddr-/A~a~a~pr,urban
ActorAddr-/A~a~a~qa,urban
ActorAddr-/A~a~a~sI,urban
ActorAddr-/A~a~a~pb,urban
ActorAddr-/A~a~a~qS,urban
ActorAddr-/A~a~a~lt,urban
ActorAddr-/A~a~a~nl,urban
ActorAddr-/A~a~a~nH,urban
ActorAddr-/A~a~a~ry,urban
ActorAddr-/A~a~a~sX,urban
ActorAddr-/A~a~a~bC,rural
ActorAddr-/A~a~a~bh,rural
ActorAddr-/A~a~a~sh,urban
ActorAddr-/A~a~a~hX,urban
ActorAddr-/A~a~a~dO,rural
ActorAddr-/A~a~a~km,urban
ActorAddr-/A~a~a~pU,urban
ActorAddr-/A~a~a~gU,rural
ActorAddr-/A~a~a~lM,urban
ActorAddr-/A~a~a~gf,rural
ActorAddr-/A~a~a~nJ,urban
ActorAddr-/A~a~a~qP,urban
ActorAddr-/A~a~a~iz,urban
ActorAddr-/A~a~a~on,urban
ActorAddr-/A~a~a~pK,urban
ActorAddr-/A~a~a~Z,rural
ActorAddr-/A~a~a~fn,rural
ActorAddr-/A~a~a~bP,rural
ActorAddr-/A~a~a~bi,rural
ActorAddr-/A~a~a~sT,urban
ActorAddr-/A~a~a~ke,urban
ActorAddr-/A~a~a~fw,rural
ActorAddr-/A~a~a~kZ,urban
ActorAddr-/A~a~a~oI,urban
ActorAddr-/A~a~a~kB,urban
ActorAddr-/A~a~a~de,rural
ActorAddr-/A~a~a~kw,urban
ActorAddr-/A~a~a~nE,urban
ActorAddr-/A~a~a~kp,urban
ActorAddr-/A~a~a~mr,urban
ActorAddr-/A~a~a~mE,urban
ActorAddr-/A~a~a~oJ,urban
ActorAddr-/A~a~a~jH,urban
ActorAddr-/A~a~a~eM,rural
ActorAddr-/A~a~a~nD,urban
ActorAddr-/A~a~a~oN,urban
ActorAddr-/A~a~a~hB,rural
ActorAddr-/A~a~a~iA,urban
ActorAddr-/A~a~a~pd,urban
ActorAddr-/A~a~a~gN,rural
ActorAddr-/A~a~a~gD,rural
ActorAddr-/A~a~a~td,urban
ActorAddr-/A~a~a~gh,rural
ActorAddr-/A~a~a~pf,urban
ActorAddr-/A~a~a~it,urban
ActorAddr-/A~a~a~sb,urban
ActorAddr-/A~a~a~my,urban
ActorAddr-/A~a~a~en,rural
ActorAddr-/A~a~a~sW,urban
ActorAddr-/A~a~a~qx,urban
ActorAddr-/A~a~a~eI,rural
ActorAddr-/A~a~a~oH,urban
ActorAddr-/A~a~a~cb,rural
ActorAddr-/A~a~a~lW,urban
ActorAddr-/A~a~a~jP,urban
ActorAddr-/A~a~a~le,urban
ActorAddr-/A~a~a~oW,urban
ActorAddr-/A~a~a~mV,urban
ActorAddr-/A~a~a~bm,rural
ActorAddr-/A~a~a~hc,rural
ActorAddr-/A~a~a~tm,urban
ActorAddr-/A~a~a~et,rural
ActorAddr-/A~a~a~cD,rural
ActorAddr-/A~a~a~pP,urban
ActorAddr-/A~a~a~ba,rural
ActorAddr-/A~a~a~dy,rural
ActorAddr-/A~a~a~hD,rural
ActorAddr-/A~a~a~eu,rural
ActorAddr-/A~a~a~fG,rural
ActorAddr-/A~a~a~in,urban
ActorAddr-/A~a~a~tg,urban
ActorAddr-/A~a~a~rq,urban
ActorAddr-/A~a~a~lp,urban
ActorAddr-/A~a~a~lg,urban
ActorAddr-/A~a~a~h,rural
ActorAddr-/A~a~a~lP,urban
ActorAddr-/A~a~a~qg,urban
ActorAddr-/A~a~a~rT,urban
ActorAddr-/A~a~a~qY,urban
ActorAddr-/A~a~a~dz,rural
ActorAddr-/A~a~a~rm,urban
ActorAddr-/A~a~a~eN,rural
ActorAddr-/A~a~a~bk,rural
ActorAddr-/A~a~a~mk,urban
ActorAddr-/A~a~a~kU,urban
ActorAddr-/A~a~a~iH,urban
ActorAddr-/A~a~a~nw,urban
ActorAddr-/A~a~a~jW,urban
ActorAddr-/A~a~a~pE,urban
ActorAddr-/A~a~a~mt,urban
ActorAddr-/A~a~a~mO,urban
ActorAddr-/A~a~a~cf,rural
ActorAddr-/A~a~a~dZ,rural
ActorAddr-/A~a~a~ql,urban
ActorAddr-/A~a~a~tk,urban
ActorAddr-/A~a~a~mH,urban
ActorAddr-/A~a~a~fz,rural
ActorAddr-/A~a~a~rZ,urban
ActorAddr-/A~a~a~lG,urban
ActorAddr-/A~a~a~nN,urban
ActorAddr-/A~a~a~iy,urban
ActorAddr-/A~a~a~cd,rural
ActorAddr-/A~a~a~bq,rural
ActorAddr-/A~a~a~oV,urban
ActorAddr-/A~a~a~eF,rural
ActorAddr-/A~a~a~J,rural
ActorAddr-/A~a~a~ej,rural
ActorAddr-/A~a~a~ii,urban
ActorAddr-/A~a~a~eg,rural
ActorAddr-/A~a~a~nI,urban
ActorAddr-/A~a~a~ps,urban
ActorAddr-/A~a~a~jt,urban
ActorAddr-/A~a~a~k,rural
ActorAddr-/A~a~a~ex,rural
ActorAddr-/A~a~a~z,rural
ActorAddr-/A~a~a~eH,rural
ActorAddr-/A~a~a~iE,urban
ActorAddr-/A~a~a~eZ,rural
ActorAddr-/A~a~a~om,urban
ActorAddr-/A~a~a~pc,urban
ActorAddr-/A~a~a~sB,urban
ActorAddr-/A~a~a~jX,urban
ActorAddr-/A~a~a~fD,rural
ActorAddr-/A~a~a~cN,rural
ActorAddr-/A~a~a~nd,urban
ActorAddr-/A~a~a~cV,rural
ActorAddr-/A~a~a~mG,urban
ActorAddr-/A~a~a~gL,rural
ActorAddr-/A~a~a~ct,rural
ActorAddr-/A~a~a~oF,urban
ActorAddr-/A~a~a~T,rural
ActorAddr-/A~a~a~ne,urban
ActorAddr-/A~a~a~kA,urban
ActorAddr-/A~a~a~iw,urban
ActorAddr-/A~a~a~dk,rural
ActorAddr-/A~a~a~kP,urban
ActorAddr-/A~a~a~dK,rural
ActorAddr-/A~a~a~cQ,rural
ActorAddr-/A~a~a~oB,urban
ActorAddr-/A~a~a~jb,urban
ActorAddr-/A~a~a~hW,urban
ActorAddr-/A~a~a~hM,urban
ActorAddr-/A~a~a~mA,urban
ActorAddr-/A~a~a~cL,rural
ActorAddr-/A~a~a~iq,urban
ActorAddr-/A~a~a~ew,rural
ActorAddr-/A~a~a~qm,urban
ActorAddr-/A~a~a~la,urban
ActorAddr-/A~a~a~kV,urban
ActorAddr-/A~a~a~iU,urban
ActorAddr-/A~a~a~qs,urban
ActorAddr-/A~a~a~cP,rural
ActorAddr-/A~a~a~fa,rural
ActorAddr-/A~a~a~lS,urban
ActorAddr-/A~a~a~od,urban
ActorAddr-/A~a~a~pg,urban
ActorAddr-/A~a~a~oa,urban
ActorAddr-/A~a~a~cM,rural
ActorAddr-/A~a~a~B,rural
ActorAddr-/A~a~a~mg,urban
